Player,Nation,Pos,Age,MP,Starts,Min,Gls,Ast,PK,PKatt,CrdY,CrdR,Gls.1,Ast.1,G+A,G-PK,G+A-PK,Matches,Season,nineties,xG,npxG,xA,xG.1,xA.1,xG+xA,npxG.1,npxG+xA
Gaël Clichy,fr FRA,DF,22.0,38,37,3330.0,0.0,4.0,0.0,0.0,5.0,0.0,0.0,0.11,0.11,0.0,0.11,Matches,2007/2008,37.0,,,,,,,,
Emmanuel Adebayor,tg TOG,FW,23.0,36,32,2926.0,24.0,4.0,3.0,3.0,3.0,0.0,0.74,0.12,0.86,0.65,0.77,Matches,2007/2008,32.51111111111111,,,,,,,,
Cesc Fàbregas,es ESP,"FW,MF",20.0,32,32,2857.0,7.0,15.0,0.0,0.0,9.0,0.0,0.22,0.47,0.69,0.22,0.69,Matches,2007/2008,31.744444444444447,,,,,,,,
William Gallas,fr FRA,DF,29.0,31,31,2723.0,4.0,0.0,0.0,0.0,6.0,0.0,0.13,0.0,0.13,0.13,0.13,Matches,2007/2008,30.25555555555556,,,,,,,,
Mathieu Flamini,fr FRA,MF,23.0,30,30,2660.0,3.0,2.0,0.0,0.0,5.0,0.0,0.1,0.07,0.17,0.1,0.17,Matches,2007/2008,29.555555555555557,,,,,,,,
Manuel Almunia,es ESP,GK,30.0,29,29,2610.0,0.0,0.0,0.0,0.0,0.0,0.0,0.0,0.0,0.0,0.0,0.0,Matches,2007/2008,29.0,,,,,,,,
Kolo Touré,ci CIV,DF,26.0,30,29,2565.0,2.0,3.0,0.0,0.0,4.0,0.0,0.07,0.11,0.18,0.07,0.18,Matches,2007/2008,28.5,,,,,,,,
Bacary Sagna,fr FRA,DF,24.0,29,29,2458.0,1.0,2.0,0.0,0.0,3.0,0.0,0.04,0.07,0.11,0.04,0.11,Matches,2007/2008,27.31111111111111,,,,,,,,
Alexander Hleb,by BLR,MF,26.0,31,29,2425.0,2.0,7.0,0.0,0.0,3.0,0.0,0.07,0.26,0.33,0.07,0.33,Matches,2007/2008,26.944444444444446,,,,,,,,
Emmanuel Eboué,ci CIV,"DF,MF",24.0,23,20,1650.0,0.0,2.0,0.0,0.0,5.0,0.0,0.0,0.11,0.11,0.0,0.11,Matches,2007/2008,18.33333333333333,,,,,,,,
Tomáš Rosický,cz CZE,MF,26.0,18,15,1334.0,6.0,2.0,0.0,0.0,1.0,0.0,0.4,0.13,0.54,0.4,0.54,Matches,2007/2008,14.822222222222226,,,,,,,,
Philippe Senderos,ch SUI,DF,22.0,17,14,1247.0,2.0,0.0,0.0,0.0,0.0,1.0,0.14,0.0,0.14,0.14,0.14,Matches,2007/2008,13.855555555555556,,,,,,,,
Robin van Persie,nl NED,FW,23.0,15,13,1071.0,7.0,3.0,2.0,3.0,2.0,0.0,0.59,0.25,0.84,0.42,0.67,Matches,2007/2008,11.9,,,,,,,,
Gilberto Silva,br BRA,"DF,MF",30.0,23,12,1196.0,1.0,1.0,0.0,0.0,1.0,0.0,0.08,0.08,0.15,0.08,0.15,Matches,2007/2008,13.288888888888891,,,,,,,,
Theo Walcott,eng ENG,"FW,MF",18.0,25,11,1260.0,4.0,3.0,0.0,0.0,0.0,0.0,0.29,0.21,0.5,0.29,0.5,Matches,2007/2008,14.0,,,,,,,,
Santi Cazorla,es ESP,MF,27.0,38,37,3297.0,12.0,11.0,0.0,0.0,1.0,0.0,0.33,0.3,0.63,0.33,0.63,Matches,2012/2013,36.63333333333333,,,,,,,,
Mikel Arteta,es ESP,MF,30.0,34,34,2982.0,6.0,3.0,5.0,6.0,6.0,0.0,0.18,0.09,0.27,0.03,0.12,Matches,2012/2013,33.13333333333333,,,,,,,,
Per Mertesacker,de GER,DF,27.0,34,33,3029.0,3.0,0.0,0.0,0.0,3.0,1.0,0.09,0.0,0.09,0.09,0.09,Matches,2012/2013,33.65555555555556,,,,,,,,
Wojciech Szczęsny,pl POL,GK,22.0,25,25,2250.0,0.0,0.0,0.0,0.0,1.0,0.0,0.0,0.0,0.0,0.0,0.0,Matches,2012/2013,25.0,,,,,,,,
Bacary Sagna,fr FRA,DF,29.0,25,25,2239.0,0.0,0.0,0.0,0.0,2.0,0.0,0.0,0.0,0.0,0.0,0.0,Matches,2012/2013,24.877777777777773,,,,,,,,
Thomas Vermaelen,be BEL,DF,26.0,29,25,2236.0,0.0,0.0,0.0,0.0,3.0,0.0,0.0,0.0,0.0,0.0,0.0,Matches,2012/2013,24.844444444444445,,,,,,,,
Lukas Podolski,de GER,"FW,MF",27.0,33,25,1985.0,11.0,10.0,0.0,0.0,1.0,0.0,0.5,0.45,0.95,0.5,0.95,Matches,2012/2013,22.055555555555557,,,,,,,,
Olivier Giroud,fr FRA,FW,25.0,34,24,2333.0,11.0,3.0,0.0,0.0,3.0,1.0,0.42,0.12,0.54,0.42,0.54,Matches,2012/2013,25.922222222222217,,,,,,,,
Theo Walcott,eng ENG,"FW,MF",23.0,32,24,2284.0,14.0,10.0,0.0,0.0,3.0,0.0,0.55,0.39,0.95,0.55,0.95,Matches,2012/2013,25.377777777777773,,,,,,,,
Kieran Gibbs,eng ENG,"DF,MF",22.0,27,23,2103.0,0.0,3.0,0.0,0.0,2.0,0.0,0.0,0.13,0.13,0.0,0.13,Matches,2012/2013,23.36666666666667,,,,,,,,
Aaron Ramsey,wal WAL,MF,21.0,36,21,2097.0,1.0,2.0,0.0,0.0,5.0,0.0,0.04,0.09,0.13,0.04,0.13,Matches,2012/2013,23.3,,,,,,,,
Jack Wilshere,eng ENG,MF,20.0,25,20,1696.0,0.0,3.0,0.0,0.0,4.0,1.0,0.0,0.16,0.16,0.0,0.16,Matches,2012/2013,18.844444444444445,,,,,,,,
Laurent Koscielny,fr FRA,DF,26.0,25,20,1676.0,2.0,1.0,0.0,0.0,1.0,1.0,0.11,0.05,0.16,0.11,0.16,Matches,2012/2013,18.622222222222227,,,,,,,,
Carl Jenkinson,eng ENG,DF,20.0,14,14,1186.0,0.0,0.0,0.0,0.0,1.0,1.0,0.0,0.0,0.0,0.0,0.0,Matches,2012/2013,13.177777777777774,,,,,,,,
Gervinho,ci CIV,"FW,MF",25.0,18,12,1012.0,5.0,3.0,0.0,0.0,1.0,0.0,0.44,0.27,0.71,0.44,0.71,Matches,2012/2013,11.244444444444444,,,,,,,,
Alex Oxlade-Chamberlain,eng ENG,MF,18.0,25,11,1063.0,1.0,3.0,0.0,0.0,1.0,0.0,0.08,0.25,0.34,0.08,0.34,Matches,2012/2013,11.811111111111114,,,,,,,,
Gaël Clichy,fr FRA,DF,25.0,33,33,2970.0,0.0,1.0,0.0,0.0,3.0,0.0,0.0,0.03,0.03,0.0,0.03,Matches,2010/2011,33.0,,,,,,,,
Bacary Sagna,fr FRA,DF,27.0,33,33,2970.0,1.0,2.0,0.0,0.0,3.0,1.0,0.03,0.06,0.09,0.03,0.09,Matches,2010/2011,33.0,,,,,,,,
Jack Wilshere,eng ENG,MF,18.0,35,31,2639.0,1.0,3.0,0.0,0.0,7.0,1.0,0.03,0.1,0.14,0.03,0.14,Matches,2010/2011,29.322222222222226,,,,,,,,
Laurent Koscielny,fr FRA,DF,24.0,30,30,2617.0,2.0,0.0,0.0,0.0,6.0,2.0,0.07,0.0,0.07,0.07,0.07,Matches,2010/2011,29.077777777777783,,,,,,,,
Alex Song,cm CMR,"DF,MF",22.0,31,30,2593.0,4.0,1.0,0.0,0.0,8.0,1.0,0.14,0.03,0.17,0.14,0.17,Matches,2010/2011,28.81111111111111,,,,,,,,
Samir Nasri,fr FRA,"FW,MF",23.0,30,28,2383.0,10.0,2.0,1.0,1.0,4.0,0.0,0.38,0.08,0.45,0.34,0.42,Matches,2010/2011,26.47777777777777,,,,,,,,
Andrey Arshavin,ru RUS,"FW,MF",29.0,37,25,2187.0,6.0,11.0,1.0,1.0,1.0,0.0,0.25,0.45,0.7,0.21,0.66,Matches,2010/2011,24.3,,,,,,,,
Cesc Fàbregas,es ESP,"FW,MF",23.0,25,22,1880.0,3.0,10.0,0.0,1.0,5.0,0.0,0.14,0.48,0.62,0.14,0.62,Matches,2010/2011,20.88888888888889,,,,,,,,
Sébastien Squillaci,fr FRA,DF,29.0,22,20,1820.0,1.0,0.0,0.0,0.0,1.0,0.0,0.05,0.0,0.05,0.05,0.05,Matches,2010/2011,20.222222222222218,,,,,,,,
Johan Djourou,ch SUI,DF,23.0,22,20,1794.0,1.0,0.0,0.0,0.0,3.0,0.0,0.05,0.0,0.05,0.05,0.05,Matches,2010/2011,19.933333333333334,,,,,,,,
Robin van Persie,nl NED,FW,26.0,25,19,1770.0,18.0,8.0,2.0,3.0,4.0,0.0,0.92,0.41,1.32,0.81,1.22,Matches,2010/2011,19.666666666666668,,,,,,,,
Theo Walcott,eng ENG,"FW,MF",21.0,28,19,1691.0,9.0,5.0,0.0,0.0,0.0,0.0,0.48,0.27,0.75,0.48,0.75,Matches,2010/2011,18.788888888888884,,,,,,,,
Marouane Chamakh,ma MAR,FW,26.0,29,18,1845.0,7.0,3.0,0.0,0.0,5.0,0.0,0.34,0.15,0.49,0.34,0.49,Matches,2010/2011,20.5,,,,,,,,
Wojciech Szczęsny,pl POL,GK,20.0,15,15,1350.0,0.0,0.0,0.0,0.0,1.0,0.0,0.0,0.0,0.0,0.0,0.0,Matches,2010/2011,15.0,,,,,,,,
Łukasz Fabiański,pl POL,GK,25.0,14,14,1260.0,0.0,0.0,0.0,0.0,0.0,0.0,0.0,0.0,0.0,0.0,0.0,Matches,2010/2011,14.0,,,,,,,,
Alexis Sánchez,cl CHI,"FW,MF",27.0,38,36,3217.0,24.0,10.0,2.0,3.0,6.0,0.0,0.67,0.28,0.95,0.62,0.9,Matches,2016/2017,35.744444444444454,,,,,,,,
Nacho Monreal,es ESP,DF,30.0,36,35,3153.0,0.0,2.0,0.0,0.0,5.0,0.0,0.0,0.06,0.06,0.0,0.06,Matches,2016/2017,35.03333333333333,,,,,,,,
Petr Čech,cz CZE,GK,34.0,35,35,3097.0,0.0,0.0,0.0,0.0,2.0,0.0,0.0,0.0,0.0,0.0,0.0,Matches,2016/2017,34.41111111111111,,,,,,,,
Laurent Koscielny,fr FRA,DF,30.0,33,33,2822.0,2.0,0.0,0.0,0.0,4.0,1.0,0.06,0.0,0.06,0.06,0.06,Matches,2016/2017,31.355555555555554,,,,,,,,
Mesut Özil,de GER,MF,27.0,33,32,2841.0,8.0,10.0,0.0,0.0,2.0,0.0,0.25,0.32,0.57,0.25,0.57,Matches,2016/2017,31.566666666666666,,,,,,,,
Granit Xhaka,ch SUI,MF,23.0,32,28,2485.0,2.0,2.0,0.0,0.0,5.0,2.0,0.07,0.07,0.14,0.07,0.14,Matches,2016/2017,27.61111111111111,,,,,,,,
Héctor Bellerín,es ESP,"DF,MF",21.0,33,27,2503.0,1.0,4.0,0.0,0.0,4.0,0.0,0.04,0.14,0.18,0.04,0.18,Matches,2016/2017,27.81111111111111,,,,,,,,
Shkodran Mustafi,de GER,DF,24.0,26,26,2274.0,2.0,2.0,0.0,0.0,11.0,0.0,0.08,0.08,0.16,0.08,0.16,Matches,2016/2017,25.266666666666666,,,,,,,,
Theo Walcott,eng ENG,MF,27.0,28,23,1916.0,10.0,2.0,0.0,1.0,1.0,0.0,0.47,0.09,0.56,0.47,0.56,Matches,2016/2017,21.288888888888884,,,,,,,,
Francis Coquelin,fr FRA,MF,25.0,29,22,1779.0,0.0,0.0,0.0,0.0,5.0,0.0,0.0,0.0,0.0,0.0,0.0,Matches,2016/2017,19.766666666666666,,,,,,,,
Alex Iwobi,ng NGA,MF,20.0,26,18,1456.0,3.0,4.0,0.0,0.0,1.0,0.0,0.19,0.25,0.43,0.19,0.43,Matches,2016/2017,16.177777777777774,,,,,,,,
Alex Oxlade-Chamberlain,eng ENG,MF,22.0,29,16,1628.0,2.0,7.0,0.0,0.0,1.0,0.0,0.11,0.39,0.5,0.11,0.5,Matches,2016/2017,18.088888888888892,,,,,,,,
Gabriel Paulista,br BRA,DF,25.0,19,15,1517.0,0.0,0.0,0.0,0.0,6.0,0.0,0.0,0.0,0.0,0.0,0.0,Matches,2016/2017,16.855555555555554,,,,,,,,
Aaron Ramsey,wal WAL,MF,25.0,23,13,1236.0,1.0,4.0,0.0,0.0,3.0,0.0,0.07,0.29,0.36,0.07,0.36,Matches,2016/2017,13.733333333333333,,,,,,,,
Olivier Giroud,fr FRA,FW,29.0,29,11,1206.0,12.0,3.0,0.0,0.0,2.0,0.0,0.9,0.22,1.12,0.9,1.12,Matches,2016/2017,13.4,,,,,,,,
Squad Total,,,,38,418,3420.0,73.0,55.0,4.0,6.0,0.0,0.0,1.92,1.45,3.37,1.82,3.26,,2016/2017,38.0,,,,,,,,
Thomas Vermaelen,be BEL,DF,23.0,33,33,2797.0,7.0,1.0,0.0,0.0,3.0,1.0,0.23,0.03,0.26,0.23,0.26,Matches,2009/2010,31.077777777777783,,,,,,,,
Bacary Sagna,fr FRA,DF,26.0,35,31,2760.0,0.0,3.0,0.0,0.0,3.0,0.0,0.0,0.1,0.1,0.0,0.1,Matches,2009/2010,30.66666666666667,,,,,,,,
Manuel Almunia,es ESP,GK,32.0,29,29,2610.0,0.0,0.0,0.0,0.0,1.0,0.0,0.0,0.0,0.0,0.0,0.0,Matches,2009/2010,29.0,,,,,,,,
William Gallas,fr FRA,DF,31.0,26,26,2340.0,3.0,0.0,0.0,0.0,2.0,0.0,0.12,0.0,0.12,0.12,0.12,Matches,2009/2010,26.0,,,,,,,,
Abou Diaby,fr FRA,MF,23.0,29,26,2319.0,6.0,3.0,0.0,0.0,2.0,0.0,0.23,0.12,0.35,0.23,0.35,Matches,2009/2010,25.766666666666666,,,,,,,,
Cesc Fàbregas,es ESP,"FW,MF",22.0,27,26,2188.0,15.0,13.0,3.0,4.0,5.0,0.0,0.62,0.53,1.15,0.49,1.03,Matches,2009/2010,24.31111111111111,,,,,,,,
Andrey Arshavin,ru RUS,"FW,MF",28.0,30,25,2255.0,10.0,2.0,0.0,0.0,2.0,0.0,0.4,0.08,0.48,0.4,0.48,Matches,2009/2010,25.055555555555557,,,,,,,,
Alex Song,cm CMR,"DF,MF",21.0,26,25,2238.0,1.0,0.0,0.0,0.0,10.0,0.0,0.04,0.0,0.04,0.04,0.04,Matches,2009/2010,24.86666666666667,,,,,,,,
Gaël Clichy,fr FRA,DF,24.0,24,23,2087.0,0.0,1.0,0.0,0.0,4.0,0.0,0.0,0.04,0.04,0.0,0.04,Matches,2009/2010,23.18888888888889,,,,,,,,
Samir Nasri,fr FRA,"FW,MF",22.0,26,22,1880.0,2.0,4.0,0.0,0.0,2.0,0.0,0.1,0.19,0.29,0.1,0.29,Matches,2009/2010,20.88888888888889,,,,,,,,
Denílson,br BRA,MF,21.0,20,19,1567.0,4.0,1.0,0.0,0.0,2.0,0.0,0.23,0.06,0.29,0.23,0.29,Matches,2009/2010,17.411111111111108,,,,,,,,
Emmanuel Eboué,ci CIV,"DF,MF",26.0,25,17,1493.0,0.0,2.0,0.0,0.0,4.0,0.0,0.0,0.12,0.12,0.0,0.12,Matches,2009/2010,16.588888888888892,,,,,,,,
Tomáš Rosický,cz CZE,MF,28.0,25,14,1306.0,3.0,4.0,0.0,0.0,1.0,0.0,0.21,0.28,0.48,0.21,0.48,Matches,2009/2010,14.511111111111115,,,,,,,,
Robin van Persie,nl NED,FW,25.0,16,14,1252.0,9.0,6.0,0.0,0.0,3.0,0.0,0.65,0.43,1.08,0.65,1.08,Matches,2009/2010,13.911111111111113,,,,,,,,
Nicklas Bendtner,dk DEN,FW,21.0,23,13,1234.0,6.0,4.0,0.0,0.0,2.0,0.0,0.44,0.29,0.73,0.44,0.73,Matches,2009/2010,13.711111111111109,,,,,,,,
Eduardo da Silva,hr CRO,FW,26.0,24,13,1120.0,4.0,5.0,0.0,0.0,0.0,0.0,0.32,0.4,0.72,0.32,0.72,Matches,2009/2010,12.444444444444445,,,,,,,,
Theo Walcott,eng ENG,"FW,MF",20.0,23,12,1129.0,3.0,1.0,0.0,0.0,0.0,0.0,0.24,0.08,0.32,0.24,0.32,Matches,2009/2010,12.544444444444444,,,,,,,,
Per Mertesacker,de GER,DF,29.0,35,35,3150.0,0.0,1.0,0.0,0.0,2.0,0.0,0.0,0.03,0.03,0.0,0.03,Matches,2014/2015,35.0,,,,,,,,
Alexis Sánchez,cl CHI,"FW,MF",25.0,35,34,2942.0,16.0,8.0,0.0,1.0,4.0,0.0,0.49,0.24,0.73,0.49,0.73,Matches,2014/2015,32.68888888888889,,,,,,,,
Santi Cazorla,es ESP,MF,29.0,37,33,2990.0,7.0,11.0,6.0,6.0,5.0,0.0,0.21,0.33,0.54,0.03,0.36,Matches,2014/2015,33.22222222222222,,,,,,,,
Nacho Monreal,es ESP,DF,28.0,28,26,2311.0,0.0,1.0,0.0,0.0,3.0,0.0,0.0,0.04,0.04,0.0,0.04,Matches,2014/2015,25.677777777777774,,,,,,,,
Laurent Koscielny,fr FRA,DF,28.0,27,26,2287.0,3.0,0.0,0.0,0.0,4.0,0.0,0.12,0.0,0.12,0.12,0.12,Matches,2014/2015,25.41111111111111,,,,,,,,
Aaron Ramsey,wal WAL,MF,23.0,29,23,2007.0,6.0,5.0,0.0,0.0,6.0,0.0,0.27,0.22,0.49,0.27,0.49,Matches,2014/2015,22.3,,,,,,,,
Olivier Giroud,fr FRA,FW,27.0,27,21,1862.0,14.0,3.0,0.0,0.0,5.0,1.0,0.68,0.15,0.82,0.68,0.82,Matches,2014/2015,20.68888888888889,,,,,,,,
Mesut Özil,de GER,MF,25.0,22,21,1856.0,4.0,5.0,0.0,0.0,0.0,0.0,0.19,0.24,0.44,0.19,0.44,Matches,2014/2015,20.622222222222227,,,,,,,,
Francis Coquelin,fr FRA,"DF,MF",23.0,22,19,1661.0,0.0,0.0,0.0,0.0,5.0,0.0,0.0,0.0,0.0,0.0,0.0,Matches,2014/2015,18.45555555555556,,,,,,,,
Danny Welbeck,eng ENG,"FW,MF",23.0,25,18,1663.0,4.0,4.0,0.0,0.0,3.0,0.0,0.22,0.22,0.43,0.22,0.43,Matches,2014/2015,18.477777777777774,,,,,,,,
Kieran Gibbs,eng ENG,"DF,MF",24.0,22,18,1659.0,0.0,3.0,0.0,0.0,3.0,0.0,0.0,0.16,0.16,0.0,0.16,Matches,2014/2015,18.433333333333334,,,,,,,,
David Ospina,co COL,GK,25.0,18,18,1620.0,0.0,0.0,0.0,0.0,0.0,0.0,0.0,0.0,0.0,0.0,0.0,Matches,2014/2015,18.0,,,,,,,,
Calum Chambers,eng ENG,"DF,MF",19.0,23,17,1573.0,1.0,0.0,0.0,0.0,8.0,1.0,0.06,0.0,0.06,0.06,0.06,Matches,2014/2015,17.477777777777778,,,,,,,,
Héctor Bellerín,es ESP,"DF,MF",19.0,20,17,1563.0,2.0,1.0,0.0,0.0,5.0,0.0,0.12,0.06,0.17,0.12,0.17,Matches,2014/2015,17.366666666666667,,,,,,,,
Wojciech Szczęsny,pl POL,GK,24.0,17,17,1498.0,0.0,0.0,0.0,0.0,1.0,0.0,0.0,0.0,0.0,0.0,0.0,Matches,2014/2015,16.644444444444446,,,,,,,,
Alex Oxlade-Chamberlain,eng ENG,MF,20.0,23,17,1490.0,1.0,1.0,0.0,0.0,4.0,0.0,0.06,0.06,0.12,0.06,0.12,Matches,2014/2015,16.555555555555557,,,,,,,,
Mathieu Flamini,fr FRA,MF,30.0,23,15,1460.0,1.0,1.0,0.0,0.0,3.0,0.0,0.06,0.06,0.12,0.06,0.12,Matches,2014/2015,16.22222222222222,,,,,,,,
Squad Total,,,,38,418,3420.0,69.0,47.0,6.0,7.0,0.0,0.0,1.82,1.24,3.05,1.66,2.89,,2014/2015,38.0,,,,,,,,
Bernd Leno,de GER,GK,26.0,32,31,2836.0,0.0,0.0,0.0,0.0,0.0,0.0,0.0,0.0,0.0,0.0,0.0,Matches,2018/2019,31.511111111111113,0.0,0.0,0.0,0.0,0.0,0.0,0.0,0.0
Shkodran Mustafi,de GER,DF,26.0,31,31,2611.0,2.0,0.0,0.0,0.0,9.0,0.0,0.07,0.0,0.07,0.07,0.07,Matches,2018/2019,29.011111111111113,1.3,1.3,0.2,0.04,0.01,0.05,0.04,0.05
Pierre-Emerick Aubameyang,ga GAB,FW,29.0,36,30,2726.0,22.0,5.0,4.0,5.0,0.0,0.0,0.73,0.17,0.89,0.59,0.76,Matches,2018/2019,30.288888888888888,20.7,16.8,4.2,0.68,0.14,0.82,0.55,0.69
Granit Xhaka,ch SUI,"MF,DF",25.0,29,29,2498.0,4.0,2.0,0.0,0.0,10.0,0.0,0.14,0.07,0.22,0.14,0.22,Matches,2018/2019,27.75555555555556,1.6,1.6,3.6,0.06,0.13,0.19,0.06,0.19
Alexandre Lacazette,fr FRA,FW,27.0,35,27,2502.0,13.0,8.0,0.0,0.0,2.0,0.0,0.47,0.29,0.76,0.47,0.76,Matches,2018/2019,27.8,11.8,11.8,2.9,0.42,0.1,0.53,0.42,0.53
Sokratis Papastathopoulos,gr GRE,DF,30.0,25,25,2198.0,1.0,2.0,0.0,0.0,12.0,0.0,0.04,0.08,0.12,0.04,0.12,Matches,2018/2019,24.422222222222217,0.8,0.8,0.5,0.03,0.02,0.05,0.03,0.05
Lucas Torreira,uy URU,MF,22.0,34,24,2382.0,2.0,2.0,0.0,0.0,7.0,1.0,0.08,0.08,0.15,0.08,0.15,Matches,2018/2019,26.466666666666665,1.7,1.7,1.3,0.06,0.05,0.11,0.06,0.11
Mattéo Guendouzi,fr FRA,MF,19.0,33,23,2149.0,0.0,0.0,0.0,0.0,9.0,0.0,0.0,0.0,0.0,0.0,0.0,Matches,2018/2019,23.877777777777773,0.4,0.4,2.1,0.02,0.09,0.11,0.02,0.11
Alex Iwobi,ng NGA,"FW,MF",22.0,35,22,1970.0,3.0,6.0,0.0,0.0,0.0,0.0,0.14,0.27,0.41,0.14,0.41,Matches,2018/2019,21.88888888888889,3.2,3.2,5.5,0.15,0.25,0.4,0.15,0.4
Sead Kolašinac,ba BIH,DF,25.0,24,22,1887.0,0.0,5.0,0.0,0.0,5.0,0.0,0.0,0.24,0.24,0.0,0.24,Matches,2018/2019,20.966666666666665,0.5,0.5,5.5,0.02,0.26,0.28,0.02,0.28
Nacho Monreal,es ESP,DF,32.0,22,21,1861.0,1.0,3.0,0.0,0.0,5.0,0.0,0.05,0.15,0.19,0.05,0.19,Matches,2018/2019,20.677777777777774,1.3,1.3,1.3,0.06,0.06,0.13,0.06,0.13
Mesut Özil,de GER,"MF,FW",29.0,24,20,1735.0,5.0,2.0,0.0,0.0,2.0,0.0,0.26,0.1,0.36,0.26,0.36,Matches,2018/2019,19.277777777777782,1.6,1.6,5.6,0.08,0.29,0.37,0.08,0.37
Henrikh Mkhitaryan,am ARM,"FW,MF",29.0,25,19,1641.0,6.0,4.0,0.0,0.0,1.0,0.0,0.33,0.22,0.55,0.33,0.55,Matches,2018/2019,18.233333333333334,4.6,4.6,4.3,0.25,0.24,0.49,0.25,0.49
Héctor Bellerín,es ESP,DF,23.0,19,18,1533.0,0.0,5.0,0.0,0.0,3.0,0.0,0.0,0.29,0.29,0.0,0.29,Matches,2018/2019,17.033333333333335,0.9,0.9,2.1,0.05,0.12,0.18,0.05,0.18
Aaron Ramsey,wal WAL,"MF,FW",27.0,28,14,1331.0,4.0,6.0,0.0,0.0,0.0,0.0,0.27,0.41,0.68,0.27,0.68,Matches,2018/2019,14.788888888888891,3.2,3.2,2.4,0.22,0.16,0.38,0.22,0.38
Laurent Koscielny,fr FRA,DF,32.0,17,13,1331.0,3.0,0.0,0.0,0.0,1.0,0.0,0.2,0.0,0.2,0.2,0.2,Matches,2018/2019,14.788888888888891,1.7,1.7,0.1,0.12,0.01,0.12,0.12,0.12
Squad Total,,,,38,418,3420.0,69.0,52.0,4.0,5.0,73.0,2.0,1.82,1.37,3.18,1.71,3.08,,2018/2019,38.0,57.1,53.1,44.0,1.5,1.16,2.66,1.4,2.56
Pierre-Emerick Aubameyang,ga GAB,FW,31.0,6,6,540.0,1.0,1.0,0.0,0.0,1.0,0.0,0.17,0.17,0.33,0.17,0.33,Matches,2020/2021,,0.8,0.8,1.1,0.13,0.18,0.32,0.13,0.32
Héctor Bellerín,es ESP,DF,25.0,6,6,540.0,0.0,2.0,0.0,0.0,3.0,0.0,0.0,0.33,0.33,0.0,0.33,Matches,2020/2021,,0.1,0.1,0.4,0.01,0.07,0.08,0.01,0.08
Bernd Leno,de GER,GK,28.0,6,6,540.0,0.0,0.0,0.0,0.0,0.0,0.0,0.0,0.0,0.0,0.0,0.0,Matches,2020/2021,,0.0,0.0,0.0,0.0,0.0,0.0,0.0,0.0
Gabriel Dos Santos,br BRA,DF,22.0,5,5,450.0,1.0,0.0,0.0,0.0,0.0,0.0,0.2,0.0,0.2,0.2,0.2,Matches,2020/2021,,0.3,0.3,0.0,0.05,0.0,0.05,0.05,0.05
Kieran Tierney,sco SCO,DF,23.0,5,5,440.0,0.0,0.0,0.0,0.0,0.0,0.0,0.0,0.0,0.0,0.0,0.0,Matches,2020/2021,,0.0,0.0,0.4,0.01,0.09,0.09,0.01,0.09
Granit Xhaka,ch SUI,"MF,DF",28.0,6,5,409.0,0.0,0.0,0.0,0.0,1.0,0.0,0.0,0.0,0.0,0.0,0.0,Matches,2020/2021,,0.3,0.3,0.1,0.06,0.03,0.09,0.06,0.09
Willian,br BRA,FW,32.0,5,5,363.0,0.0,2.0,0.0,0.0,0.0,0.0,0.0,0.5,0.5,0.0,0.5,Matches,2020/2021,,0.6,0.6,0.7,0.15,0.18,0.33,0.15,0.33
Dani Ceballos,es ESP,MF,24.0,6,4,393.0,0.0,1.0,0.0,0.0,1.0,0.0,0.0,0.23,0.23,0.0,0.23,Matches,2020/2021,,0.0,0.0,1.6,0.0,0.36,0.36,0.0,0.36
Alexandre Lacazette,fr FRA,FW,29.0,5,4,346.0,3.0,0.0,0.0,0.0,1.0,0.0,0.78,0.0,0.78,0.78,0.78,Matches,2020/2021,,2.1,2.1,0.3,0.54,0.08,0.62,0.54,0.62
Bukayo Saka,eng ENG,"DF,FW",19.0,4,4,328.0,1.0,0.0,0.0,0.0,0.0,0.0,0.27,0.0,0.27,0.27,0.27,Matches,2020/2021,,1.0,1.0,0.1,0.28,0.02,0.3,0.28,0.3
David Luiz,br BRA,DF,33.0,5,4,320.0,0.0,0.0,0.0,0.0,0.0,0.0,0.0,0.0,0.0,0.0,0.0,Matches,2020/2021,,0.1,0.1,0.0,0.03,0.0,0.03,0.03,0.03
Mohamed Elneny,eg EGY,MF,28.0,3,3,270.0,0.0,0.0,0.0,0.0,0.0,0.0,0.0,0.0,0.0,0.0,0.0,Matches,2020/2021,,0.2,0.2,0.0,0.08,0.01,0.09,0.08,0.09
Rob Holding,eng ENG,DF,25.0,3,3,270.0,0.0,0.0,0.0,0.0,0.0,0.0,0.0,0.0,0.0,0.0,0.0,Matches,2020/2021,,0.0,0.0,0.0,0.0,0.0,0.0,0.0,0.0
Ainsley Maitland-Niles,eng ENG,DF,23.0,3,2,184.0,0.0,0.0,0.0,0.0,0.0,0.0,0.0,0.0,0.0,0.0,0.0,Matches,2020/2021,,0.0,0.0,0.0,0.02,0.0,0.02,0.02,0.02
Nicolas Pépé,ci CIV,FW,25.0,6,1,206.0,1.0,0.0,0.0,0.0,0.0,0.0,0.44,0.0,0.44,0.44,0.44,Matches,2020/2021,,0.4,0.4,0.1,0.18,0.03,0.21,0.18,0.21
Eddie Nketiah,eng ENG,FW,21.0,6,1,111.0,1.0,0.0,0.0,0.0,0.0,0.0,0.81,0.0,0.81,0.81,0.81,Matches,2020/2021,,0.9,0.9,0.0,0.73,0.0,0.73,0.73,0.73
Thomas Partey,gh GHA,MF,27.0,2,1,98.0,0.0,0.0,0.0,0.0,1.0,0.0,0.0,0.0,0.0,0.0,0.0,Matches,2020/2021,,0.0,0.0,0.1,0.0,0.06,0.06,0.0,0.06
Sead Kolašinac,ba BIH,DF,27.0,1,1,90.0,0.0,0.0,0.0,0.0,0.0,0.0,0.0,0.0,0.0,0.0,0.0,Matches,2020/2021,,0.0,0.0,0.0,0.0,0.0,0.0,0.0,0.0
Shkodran Mustafi,de GER,DF,28.0,1,0,42.0,0.0,0.0,0.0,0.0,0.0,0.0,0.0,0.0,0.0,0.0,0.0,Matches,2020/2021,,0.0,0.0,0.0,0.0,0.0,0.0,0.0,0.0
Rúnar Alex Rúnarsson,is ISL,GK,25.0,0,0,,,,,,,,,,,,,Matches,2020/2021,,,,,,,,,
Matt Macey,eng ENG,GK,26.0,0,0,,,,,,,,,,,,,Matches,2020/2021,,,,,,,,,
Joe Willock,eng ENG,MF,21.0,0,0,,,,,,,,,,,,,Matches,2020/2021,,,,,,,,,
Squad Total,,,,6,66,540.0,8.0,6.0,0.0,0.0,8.0,0.0,1.33,1.0,2.33,1.33,2.33,,2020/2021,,6.5,6.5,4.9,1.09,0.81,1.9,1.09,1.9
Nacho Monreal,es ESP,DF,29.0,37,36,3249.0,0.0,3.0,0.0,0.0,1.0,0.0,0.0,0.08,0.08,0.0,0.08,Matches,2015/2016,36.1,,,,,,,,
Héctor Bellerín,es ESP,DF,20.0,36,36,3240.0,1.0,5.0,0.0,0.0,3.0,0.0,0.03,0.14,0.17,0.03,0.17,Matches,2015/2016,36.0,,,,,,,,
Mesut Özil,de GER,MF,26.0,35,35,3035.0,6.0,19.0,0.0,0.0,4.0,0.0,0.18,0.56,0.74,0.18,0.74,Matches,2015/2016,33.72222222222222,,,,,,,,
Petr Čech,cz CZE,GK,33.0,34,34,3060.0,0.0,0.0,0.0,0.0,0.0,0.0,0.0,0.0,0.0,0.0,0.0,Matches,2015/2016,34.0,,,,,,,,
Laurent Koscielny,fr FRA,DF,29.0,33,33,2845.0,4.0,0.0,0.0,0.0,3.0,0.0,0.13,0.0,0.13,0.13,0.13,Matches,2015/2016,31.61111111111111,,,,,,,,
Aaron Ramsey,wal WAL,MF,24.0,31,29,2623.0,5.0,4.0,0.0,0.0,4.0,0.0,0.17,0.14,0.31,0.17,0.31,Matches,2015/2016,29.144444444444453,,,,,,,,
Alexis Sánchez,cl CHI,MF,26.0,30,28,2436.0,13.0,4.0,0.0,0.0,1.0,0.0,0.48,0.15,0.63,0.48,0.63,Matches,2015/2016,27.066666666666666,,,,,,,,
Olivier Giroud,fr FRA,FW,28.0,38,26,2429.0,16.0,6.0,1.0,1.0,2.0,0.0,0.59,0.22,0.82,0.56,0.78,Matches,2015/2016,26.988888888888887,,,,,,,,
Per Mertesacker,de GER,DF,30.0,24,24,2048.0,0.0,0.0,0.0,0.0,1.0,1.0,0.0,0.0,0.0,0.0,0.0,Matches,2015/2016,22.75555555555556,,,,,,,,
Francis Coquelin,fr FRA,MF,24.0,26,21,1644.0,0.0,0.0,0.0,0.0,6.0,1.0,0.0,0.0,0.0,0.0,0.0,Matches,2015/2016,18.266666666666666,,,,,,,,
Gabriel Paulista,br BRA,DF,24.0,21,18,1764.0,1.0,0.0,0.0,0.0,4.0,1.0,0.05,0.0,0.05,0.05,0.05,Matches,2015/2016,19.6,,,,,,,,
Theo Walcott,eng ENG,"MF,FW",26.0,28,15,1373.0,5.0,2.0,0.0,0.0,0.0,0.0,0.33,0.13,0.46,0.33,0.46,Matches,2015/2016,15.255555555555556,,,,,,,,
Santi Cazorla,es ESP,MF,30.0,15,15,1291.0,0.0,3.0,0.0,1.0,3.0,1.0,0.0,0.21,0.21,0.0,0.21,Matches,2015/2016,14.344444444444445,,,,,,,,
Mathieu Flamini,fr FRA,MF,31.0,16,12,1089.0,0.0,0.0,0.0,0.0,3.0,0.0,0.0,0.0,0.0,0.0,0.0,Matches,2015/2016,12.1,,,,,,,,
Squad Total,,,,38,418,3420.0,62.0,53.0,1.0,2.0,0.0,0.0,1.63,1.39,3.03,1.61,3.0,,2015/2016,38.0,,,,,,,,
Wojciech Szczęsny,pl POL,GK,21.0,38,38,3420.0,0.0,0.0,0.0,0.0,2.0,0.0,0.0,0.0,0.0,0.0,0.0,Matches,2011/2012,38.0,,,,,,,,
Robin van Persie,nl NED,FW,27.0,38,37,3331.0,30.0,11.0,2.0,3.0,8.0,0.0,0.81,0.3,1.11,0.76,1.05,Matches,2011/2012,37.01111111111111,,,,,,,,
Alex Song,cm CMR,"DF,MF",23.0,34,34,2995.0,1.0,10.0,0.0,0.0,10.0,0.0,0.03,0.3,0.33,0.03,0.33,Matches,2011/2012,33.27777777777778,,,,,,,,
Laurent Koscielny,fr FRA,DF,25.0,33,33,2871.0,2.0,1.0,0.0,0.0,9.0,0.0,0.06,0.03,0.09,0.06,0.09,Matches,2011/2012,31.9,,,,,,,,
Theo Walcott,eng ENG,"FW,MF",22.0,35,32,2727.0,8.0,8.0,0.0,0.0,1.0,0.0,0.26,0.26,0.53,0.26,0.53,Matches,2011/2012,30.3,,,,,,,,
Mikel Arteta,es ESP,MF,29.0,29,29,2470.0,6.0,2.0,0.0,0.0,4.0,0.0,0.22,0.07,0.29,0.22,0.29,Matches,2011/2012,27.444444444444446,,,,,,,,
Thomas Vermaelen,be BEL,DF,25.0,29,28,2477.0,6.0,1.0,0.0,0.0,7.0,0.0,0.22,0.04,0.25,0.22,0.25,Matches,2011/2012,27.52222222222223,,,,,,,,
Aaron Ramsey,wal WAL,MF,20.0,34,27,2463.0,2.0,5.0,0.0,0.0,3.0,0.0,0.07,0.18,0.26,0.07,0.26,Matches,2011/2012,27.36666666666667,,,,,,,,
Per Mertesacker,de GER,DF,26.0,21,21,1826.0,0.0,0.0,0.0,0.0,2.0,0.0,0.0,0.0,0.0,0.0,0.0,Matches,2011/2012,20.288888888888884,,,,,,,,
Bacary Sagna,fr FRA,DF,28.0,21,20,1697.0,1.0,3.0,0.0,0.0,2.0,0.0,0.05,0.16,0.21,0.05,0.21,Matches,2011/2012,18.855555555555554,,,,,,,,
Tomáš Rosický,cz CZE,MF,30.0,28,19,1762.0,1.0,4.0,0.0,0.0,4.0,0.0,0.05,0.2,0.26,0.05,0.26,Matches,2011/2012,19.577777777777783,,,,,,,,
Gervinho,ci CIV,"FW,MF",24.0,28,19,1679.0,4.0,5.0,0.0,0.0,0.0,1.0,0.21,0.27,0.48,0.21,0.48,Matches,2011/2012,18.655555555555555,,,,,,,,
Kieran Gibbs,eng ENG,"DF,MF",21.0,16,15,1249.0,1.0,0.0,0.0,0.0,1.0,0.0,0.07,0.0,0.07,0.07,0.07,Matches,2011/2012,13.877777777777776,,,,,,,,
Johan Djourou,ch SUI,DF,24.0,18,14,1164.0,0.0,1.0,0.0,0.0,4.0,1.0,0.0,0.08,0.08,0.0,0.08,Matches,2011/2012,12.933333333333335,,,,,,,,
André Santos,br BRA,"DF,MF",28.0,15,10,1017.0,2.0,0.0,0.0,0.0,2.0,0.0,0.18,0.0,0.18,0.18,0.18,Matches,2011/2012,11.3,,,,,,,,
Wojciech Szczęsny,pl POL,GK,23.0,37,37,3330.0,0.0,0.0,0.0,0.0,2.0,0.0,0.0,0.0,0.0,0.0,0.0,Matches,2013/2014,37.0,,,,,,,,
Olivier Giroud,fr FRA,FW,26.0,36,36,3067.0,16.0,8.0,1.0,1.0,4.0,0.0,0.47,0.23,0.7,0.44,0.67,Matches,2013/2014,34.07777777777777,,,,,,,,
Per Mertesacker,de GER,DF,28.0,35,35,3150.0,2.0,0.0,0.0,0.0,3.0,0.0,0.06,0.0,0.06,0.06,0.06,Matches,2013/2014,35.0,,,,,,,,
Bacary Sagna,fr FRA,DF,30.0,35,34,3060.0,1.0,0.0,0.0,0.0,6.0,0.0,0.03,0.0,0.03,0.03,0.03,Matches,2013/2014,34.0,,,,,,,,
Laurent Koscielny,fr FRA,DF,27.0,32,32,2739.0,2.0,0.0,0.0,0.0,2.0,1.0,0.07,0.0,0.07,0.07,0.07,Matches,2013/2014,30.43333333333333,,,,,,,,
Santi Cazorla,es ESP,MF,28.0,31,30,2587.0,4.0,8.0,0.0,0.0,2.0,0.0,0.14,0.28,0.42,0.14,0.42,Matches,2013/2014,28.744444444444447,,,,,,,,
Mikel Arteta,es ESP,MF,31.0,31,27,2408.0,2.0,0.0,2.0,2.0,3.0,1.0,0.07,0.0,0.07,0.0,0.0,Matches,2013/2014,26.75555555555556,,,,,,,,
Mesut Özil,de GER,MF,24.0,26,25,2140.0,5.0,9.0,0.0,0.0,0.0,0.0,0.21,0.38,0.59,0.21,0.59,Matches,2013/2014,23.777777777777782,,,,,,,,
Kieran Gibbs,eng ENG,"DF,MF",23.0,28,24,2055.0,0.0,1.0,0.0,0.0,2.0,1.0,0.0,0.04,0.04,0.0,0.04,Matches,2013/2014,22.83333333333333,,,,,,,,
Aaron Ramsey,wal WAL,MF,22.0,23,20,1761.0,10.0,7.0,0.0,0.0,3.0,0.0,0.51,0.36,0.87,0.51,0.87,Matches,2013/2014,19.566666666666666,,,,,,,,
Jack Wilshere,eng ENG,MF,21.0,24,19,1719.0,3.0,4.0,0.0,0.0,6.0,0.0,0.16,0.21,0.37,0.16,0.37,Matches,2013/2014,19.1,,,,,,,,
Mathieu Flamini,fr FRA,MF,29.0,27,18,1667.0,2.0,0.0,0.0,0.0,8.0,1.0,0.11,0.0,0.11,0.11,0.11,Matches,2013/2014,18.522222222222226,,,,,,,,
Tomáš Rosický,cz CZE,MF,32.0,27,17,1572.0,2.0,1.0,0.0,0.0,7.0,0.0,0.11,0.06,0.17,0.11,0.17,Matches,2013/2014,17.466666666666665,,,,,,,,
Lukas Podolski,de GER,"FW,MF",28.0,20,14,1167.0,8.0,2.0,0.0,0.0,0.0,0.0,0.62,0.15,0.77,0.62,0.77,Matches,2013/2014,12.966666666666667,,,,,,,,
Nacho Monreal,es ESP,DF,27.0,23,13,1185.0,0.0,1.0,0.0,0.0,2.0,0.0,0.0,0.08,0.08,0.0,0.08,Matches,2013/2014,13.166666666666664,,,,,,,,
Pierre-Emerick Aubameyang,ga GAB,FW,30.0,36,35,3136.0,22.0,3.0,2.0,2.0,3.0,1.0,0.63,0.09,0.72,0.57,0.66,Matches,2019/2020,34.84444444444444,15.8,14.3,2.9,0.45,0.08,0.54,0.41,0.49
David Luiz,br BRA,DF,32.0,33,32,2809.0,2.0,1.0,0.0,0.0,5.0,2.0,0.06,0.03,0.1,0.06,0.1,Matches,2019/2020,31.211111111111112,1.9,1.9,0.9,0.06,0.03,0.09,0.06,0.09
Bernd Leno,de GER,GK,27.0,30,30,2649.0,0.0,0.0,0.0,0.0,2.0,0.0,0.0,0.0,0.0,0.0,0.0,Matches,2019/2020,29.43333333333333,0.0,0.0,0.0,0.0,0.0,0.0,0.0,0.0
Granit Xhaka,ch SUI,MF,26.0,31,30,2586.0,1.0,2.0,0.0,0.0,10.0,0.0,0.03,0.07,0.1,0.03,0.1,Matches,2019/2020,28.73333333333333,0.3,0.3,1.1,0.01,0.04,0.05,0.01,0.05
Nicolas Pépé,ci CIV,FW,24.0,31,22,2010.0,5.0,6.0,1.0,1.0,4.0,0.0,0.22,0.27,0.49,0.18,0.45,Matches,2019/2020,22.33333333333333,4.5,3.8,4.4,0.2,0.2,0.4,0.17,0.37
Alexandre Lacazette,fr FRA,FW,28.0,30,22,1874.0,10.0,4.0,0.0,0.0,8.0,0.0,0.48,0.19,0.67,0.48,0.67,Matches,2019/2020,20.822222222222226,8.5,8.5,3.1,0.41,0.15,0.55,0.41,0.55
Bukayo Saka,eng ENG,"DF,FW",17.0,26,19,1753.0,1.0,5.0,0.0,0.0,6.0,0.0,0.05,0.26,0.31,0.05,0.31,Matches,2019/2020,19.477777777777774,1.3,1.3,3.5,0.07,0.18,0.25,0.07,0.25
Mattéo Guendouzi,fr FRA,MF,20.0,24,19,1748.0,0.0,1.0,0.0,0.0,6.0,0.0,0.0,0.05,0.05,0.0,0.05,Matches,2019/2020,19.422222222222217,0.6,0.6,1.2,0.03,0.06,0.1,0.03,0.1
Sead Kolašinac,ba BIH,DF,26.0,26,19,1701.0,0.0,2.0,0.0,0.0,4.0,0.0,0.0,0.11,0.11,0.0,0.11,Matches,2019/2020,18.9,0.7,0.7,1.0,0.04,0.06,0.09,0.04,0.09
Sokratis Papastathopoulos,gr GRE,DF,31.0,19,19,1696.0,2.0,0.0,0.0,0.0,6.0,0.0,0.11,0.0,0.11,0.11,0.11,Matches,2019/2020,18.844444444444445,1.0,1.0,0.2,0.05,0.01,0.06,0.05,0.06
Dani Ceballos,es ESP,MF,22.0,24,18,1692.0,0.0,2.0,0.0,0.0,1.0,0.0,0.0,0.11,0.11,0.0,0.11,Matches,2019/2020,18.8,0.5,0.5,1.9,0.03,0.1,0.13,0.03,0.13
Mesut Özil,de GER,MF,30.0,18,18,1438.0,1.0,2.0,0.0,0.0,1.0,0.0,0.06,0.13,0.19,0.06,0.19,Matches,2019/2020,15.977777777777776,1.3,1.3,2.2,0.08,0.14,0.22,0.08,0.22
Lucas Torreira,uy URU,MF,23.0,29,17,1512.0,1.0,1.0,0.0,0.0,7.0,0.0,0.06,0.06,0.12,0.06,0.12,Matches,2019/2020,16.8,1.6,1.6,1.1,0.1,0.07,0.16,0.1,0.16
Ainsley Maitland-Niles,eng ENG,DF,21.0,20,15,1386.0,0.0,2.0,0.0,0.0,6.0,1.0,0.0,0.13,0.13,0.0,0.13,Matches,2019/2020,15.4,0.3,0.3,1.5,0.02,0.1,0.12,0.02,0.12
Shkodran Mustafi,de GER,DF,27.0,15,13,1207.0,0.0,1.0,0.0,0.0,2.0,0.0,0.0,0.07,0.07,0.0,0.07,Matches,2019/2020,13.411111111111113,0.8,0.8,0.0,0.06,0.0,0.06,0.06,0.06
Héctor Bellerín,es ESP,DF,24.0,15,13,1158.0,1.0,0.0,0.0,0.0,2.0,0.0,0.08,0.0,0.08,0.08,0.08,Matches,2019/2020,12.866666666666667,0.5,0.5,0.3,0.04,0.02,0.06,0.04,0.06
Calum Chambers,eng ENG,DF,24.0,14,13,1102.0,1.0,1.0,0.0,0.0,5.0,0.0,0.08,0.08,0.16,0.08,0.16,Matches,2019/2020,12.244444444444444,0.7,0.7,0.7,0.06,0.06,0.11,0.06,0.11
Squad Total,,,,38,418,3420.0,56.0,35.0,3.0,3.0,88.0,5.0,1.47,0.92,2.39,1.39,2.32,,2019/2020,38.0,49.2,46.9,29.9,1.3,0.79,2.08,1.24,2.02
Granit Xhaka,ch SUI,MF,24.0,38,37,3260.0,1.0,7.0,0.0,0.0,10.0,0.0,0.03,0.19,0.22,0.03,0.22,Matches,2017/2018,36.22222222222222,2.0,2.0,3.9,0.06,0.11,0.16,0.06,0.16
Héctor Bellerín,es ESP,"DF,MF",22.0,35,34,3051.0,2.0,3.0,0.0,0.0,5.0,0.0,0.06,0.09,0.15,0.06,0.15,Matches,2017/2018,33.9,2.2,2.2,3.6,0.06,0.11,0.17,0.06,0.17
Petr Čech,cz CZE,GK,35.0,34,34,3039.0,0.0,0.0,0.0,0.0,1.0,0.0,0.0,0.0,0.0,0.0,0.0,Matches,2017/2018,33.766666666666666,0.0,0.0,0.0,0.0,0.0,0.0,0.0,0.0
Nacho Monreal,es ESP,DF,31.0,28,26,2243.0,5.0,2.0,0.0,0.0,3.0,0.0,0.2,0.08,0.28,0.2,0.28,Matches,2017/2018,24.922222222222217,1.8,1.8,1.3,0.07,0.05,0.12,0.07,0.12
Alexandre Lacazette,fr FRA,FW,26.0,32,26,2202.0,14.0,4.0,2.0,2.0,1.0,0.0,0.57,0.16,0.74,0.49,0.65,Matches,2017/2018,24.466666666666665,11.8,10.3,3.3,0.48,0.14,0.62,0.42,0.55
Shkodran Mustafi,de GER,DF,25.0,27,25,2273.0,3.0,1.0,0.0,0.0,6.0,0.0,0.12,0.04,0.16,0.12,0.16,Matches,2017/2018,25.25555555555556,1.0,1.0,0.5,0.04,0.02,0.06,0.04,0.06
Laurent Koscielny,fr FRA,DF,31.0,25,25,2225.0,2.0,0.0,0.0,0.0,4.0,0.0,0.08,0.0,0.08,0.08,0.08,Matches,2017/2018,24.722222222222218,1.9,1.9,0.4,0.08,0.02,0.09,0.08,0.09
Sead Kolašinac,ba BIH,"DF,MF",24.0,27,25,2147.0,2.0,4.0,0.0,0.0,3.0,0.0,0.08,0.17,0.25,0.08,0.25,Matches,2017/2018,23.855555555555554,2.5,2.5,2.4,0.11,0.1,0.21,0.11,0.21
Mesut Özil,de GER,"MF,FW",28.0,26,24,2163.0,4.0,8.0,0.0,0.0,4.0,0.0,0.17,0.33,0.5,0.17,0.5,Matches,2017/2018,24.03333333333333,4.2,4.2,7.0,0.17,0.29,0.47,0.17,0.47
Alex Iwobi,ng NGA,"FW,MF",21.0,26,22,1830.0,3.0,5.0,0.0,0.0,1.0,0.0,0.15,0.25,0.39,0.15,0.39,Matches,2017/2018,20.33333333333333,3.0,3.0,3.6,0.15,0.18,0.32,0.15,0.32
Aaron Ramsey,wal WAL,MF,26.0,24,21,1846.0,7.0,8.0,0.0,0.0,0.0,0.0,0.34,0.39,0.73,0.34,0.73,Matches,2017/2018,20.511111111111113,5.1,5.1,4.7,0.25,0.23,0.47,0.25,0.47
Alexis Sánchez,cl CHI,"FW,MF",28.0,19,17,1503.0,7.0,3.0,1.0,1.0,4.0,0.0,0.42,0.18,0.6,0.36,0.54,Matches,2017/2018,16.7,7.3,6.5,5.3,0.44,0.32,0.75,0.39,0.71
Danny Welbeck,eng ENG,"FW,MF",26.0,28,12,1194.0,5.0,2.0,0.0,0.0,1.0,0.0,0.38,0.15,0.53,0.38,0.53,Matches,2017/2018,13.266666666666667,4.4,4.4,1.1,0.34,0.08,0.42,0.34,0.42
Jack Wilshere,eng ENG,MF,25.0,20,12,1193.0,1.0,3.0,0.0,0.0,6.0,0.0,0.08,0.23,0.3,0.08,0.3,Matches,2017/2018,13.255555555555556,1.1,1.1,2.3,0.08,0.17,0.26,0.08,0.26
Pierre-Emerick Aubameyang,ga GAB,FW,28.0,13,12,1057.0,10.0,4.0,1.0,2.0,0.0,0.0,0.85,0.34,1.19,0.77,1.11,Matches,2017/2018,11.744444444444444,8.3,6.8,1.1,0.71,0.09,0.8,0.58,0.67
Squad Total,,,,38,418,3420.0,73.0,61.0,4.0,5.0,,,1.92,1.61,3.53,1.82,3.42,,2017/2018,38.0,63.1,59.3,45.8,1.66,1.21,2.87,1.56,2.77
Jens Lehmann,de GER,GK,36.0,36,36,3240.0,0.0,0.0,0.0,0.0,8.0,0.0,0.0,0.0,0.0,0.0,0.0,Matches,2006/2007,36.0,,,,,,,,
Kolo Touré,ci CIV,DF,25.0,35,35,3150.0,3.0,2.0,0.0,0.0,6.0,0.0,0.09,0.06,0.14,0.09,0.14,Matches,2006/2007,35.0,,,,,,,,
Cesc Fàbregas,es ESP,"FW,MF",19.0,38,34,3180.0,2.0,10.0,0.0,0.0,7.0,0.0,0.06,0.28,0.34,0.06,0.34,Matches,2006/2007,35.333333333333336,,,,,,,,
Gilberto Silva,br BRA,"DF,MF",29.0,34,34,2937.0,10.0,1.0,5.0,6.0,2.0,1.0,0.31,0.03,0.34,0.15,0.18,Matches,2006/2007,32.63333333333333,,,,,,,,
Alexander Hleb,by BLR,MF,25.0,33,27,2362.0,2.0,5.0,0.0,0.0,1.0,0.0,0.08,0.19,0.27,0.08,0.27,Matches,2006/2007,26.244444444444447,,,,,,,,
Gaël Clichy,fr FRA,DF,21.0,27,26,2349.0,0.0,1.0,0.0,0.0,2.0,0.0,0.0,0.04,0.04,0.0,0.04,Matches,2006/2007,26.1,,,,,,,,
Emmanuel Eboué,ci CIV,"DF,MF",23.0,24,23,2061.0,0.0,4.0,0.0,0.0,2.0,0.0,0.0,0.17,0.17,0.0,0.17,Matches,2006/2007,22.9,,,,,,,,
Tomáš Rosický,cz CZE,MF,25.0,26,22,1836.0,3.0,2.0,0.0,0.0,3.0,0.0,0.15,0.1,0.25,0.15,0.25,Matches,2006/2007,20.4,,,,,,,,
Emmanuel Adebayor,tg TOG,FW,22.0,29,21,1985.0,8.0,4.0,1.0,1.0,2.0,0.0,0.36,0.18,0.54,0.32,0.5,Matches,2006/2007,22.055555555555557,,,,,,,,
William Gallas,fr FRA,DF,28.0,21,21,1881.0,3.0,0.0,0.0,0.0,4.0,0.0,0.14,0.0,0.14,0.14,0.14,Matches,2006/2007,20.9,,,,,,,,
Johan Djourou,ch SUI,DF,19.0,21,18,1541.0,0.0,0.0,0.0,0.0,1.0,0.0,0.0,0.0,0.0,0.0,0.0,Matches,2006/2007,17.122222222222227,,,,,,,,
Justin Hoyte,tt TRI,DF,21.0,22,18,1506.0,1.0,0.0,0.0,0.0,1.0,0.0,0.06,0.0,0.06,0.06,0.06,Matches,2006/2007,16.733333333333334,,,,,,,,
Robin van Persie,nl NED,FW,22.0,22,17,1461.0,11.0,6.0,1.0,1.0,8.0,0.0,0.68,0.37,1.05,0.62,0.99,Matches,2006/2007,16.233333333333334,,,,,,,,
Thierry Henry,fr FRA,FW,28.0,17,16,1474.0,10.0,4.0,3.0,3.0,1.0,0.0,0.61,0.24,0.85,0.43,0.67,Matches,2006/2007,16.377777777777773,,,,,,,,
Freddie Ljungberg,se SWE,"FW,MF",29.0,18,16,1205.0,0.0,0.0,0.0,0.0,2.0,0.0,0.0,0.0,0.0,0.0,0.0,Matches,2006/2007,13.388888888888891,,,,,,,,
Júlio Baptista,br BRA,"FW,MF",24.0,24,11,1131.0,3.0,3.0,0.0,0.0,0.0,0.0,0.24,0.24,0.48,0.24,0.48,Matches,2006/2007,12.566666666666665,,,,,,,,
Ashley Cole,eng ENG,DF,23.0,35,35,3150.0,2.0,2.0,0.0,0.0,7.0,0.0,0.06,0.06,0.11,0.06,0.11,Matches,2004/2005,35.0,,,,,,,,
Kolo Touré,ci CIV,DF,23.0,35,35,3135.0,0.0,0.0,0.0,0.0,1.0,0.0,0.0,0.0,0.0,0.0,0.0,Matches,2004/2005,34.833333333333336,,,,,,,,
Lauren,cm CMR,DF,27.0,33,32,2939.0,1.0,4.0,1.0,1.0,4.0,0.0,0.03,0.12,0.15,0.0,0.12,Matches,2004/2005,32.65555555555556,,,,,,,,
Patrick Vieira,fr FRA,MF,28.0,32,32,2796.0,6.0,6.0,0.0,0.0,9.0,0.0,0.19,0.19,0.39,0.19,0.39,Matches,2004/2005,31.066666666666666,,,,,,,,
Thierry Henry,fr FRA,FW,26.0,32,31,2844.0,25.0,15.0,0.0,1.0,2.0,0.0,0.79,0.47,1.27,0.79,1.27,Matches,2004/2005,31.6,,,,,,,,
Jens Lehmann,de GER,GK,34.0,28,28,2520.0,0.0,0.0,0.0,0.0,0.0,0.0,0.0,0.0,0.0,0.0,0.0,Matches,2004/2005,28.0,,,,,,,,
Robert Pirès,fr FRA,"FW,MF",30.0,33,26,2317.0,14.0,5.0,1.0,1.0,2.0,0.0,0.54,0.19,0.74,0.5,0.7,Matches,2004/2005,25.744444444444447,,,,,,,,
José Antonio Reyes,es ESP,MF,20.0,30,25,2025.0,9.0,11.0,0.0,0.0,3.0,0.0,0.4,0.49,0.89,0.4,0.89,Matches,2004/2005,22.5,,,,,,,,
Cesc Fàbregas,es ESP,"FW,MF",17.0,33,24,2122.0,2.0,4.0,0.0,0.0,4.0,0.0,0.08,0.17,0.25,0.08,0.25,Matches,2004/2005,23.577777777777783,,,,,,,,
Freddie Ljungberg,se SWE,"FW,MF",27.0,26,24,2004.0,10.0,7.0,0.0,0.0,2.0,0.0,0.45,0.31,0.76,0.45,0.76,Matches,2004/2005,22.266666666666666,,,,,,,,
Dennis Bergkamp,nl NED,FW,35.0,29,20,1921.0,8.0,12.0,0.0,0.0,1.0,0.0,0.37,0.56,0.94,0.37,0.94,Matches,2004/2005,21.344444444444445,,,,,,,,
Sol Campbell,eng ENG,"DF,FW",29.0,16,16,1421.0,1.0,0.0,0.0,0.0,1.0,0.0,0.06,0.0,0.06,0.06,0.06,Matches,2004/2005,15.788888888888891,,,,,,,,
Pascal Cygan,fr FRA,DF,30.0,15,15,1284.0,0.0,0.0,0.0,0.0,2.0,0.0,0.0,0.0,0.0,0.0,0.0,Matches,2004/2005,14.266666666666667,,,,,,,,
Gilberto Silva,br BRA,"DF,MF",27.0,13,13,1126.0,0.0,0.0,0.0,0.0,0.0,0.0,0.0,0.0,0.0,0.0,0.0,Matches,2004/2005,12.511111111111115,,,,,,,,
Philippe Senderos,ch SUI,DF,19.0,13,12,1088.0,0.0,0.0,0.0,0.0,1.0,0.0,0.0,0.0,0.0,0.0,0.0,Matches,2004/2005,12.088888888888887,,,,,,,,
Thierry Henry,fr FRA,FW,24.0,37,37,3301.0,24.0,20.0,4.0,5.0,9.0,0.0,0.65,0.55,1.2,0.55,1.09,Matches,2002/2003,36.677777777777784,,,,,,,,
Sol Campbell,eng ENG,"DF,FW",27.0,33,33,2930.0,2.0,1.0,0.0,0.0,3.0,2.0,0.06,0.03,0.09,0.06,0.09,Matches,2002/2003,32.55555555555556,,,,,,,,
Gilberto Silva,br BRA,"DF,MF",25.0,35,32,3017.0,0.0,1.0,0.0,0.0,0.0,0.0,0.0,0.03,0.03,0.0,0.03,Matches,2002/2003,33.522222222222226,,,,,,,,
Ashley Cole,eng ENG,DF,21.0,31,30,2703.0,1.0,5.0,0.0,0.0,5.0,0.0,0.03,0.17,0.2,0.03,0.2,Matches,2002/2003,30.03333333333333,,,,,,,,
David Seaman,eng ENG,GK,38.0,28,28,2520.0,0.0,0.0,0.0,0.0,0.0,0.0,0.0,0.0,0.0,0.0,0.0,Matches,2002/2003,28.0,,,,,,,,
Sylvain Wiltord,fr FRA,"FW,MF",28.0,34,27,2362.0,10.0,5.0,0.0,0.0,1.0,0.0,0.38,0.19,0.57,0.38,0.57,Matches,2002/2003,26.244444444444447,,,,,,,,
Lauren,cm CMR,DF,25.0,27,26,2300.0,2.0,1.0,0.0,0.0,6.0,0.0,0.08,0.04,0.12,0.08,0.12,Matches,2002/2003,25.555555555555557,,,,,,,,
Patrick Vieira,fr FRA,MF,26.0,24,24,2081.0,3.0,2.0,0.0,0.0,6.0,1.0,0.13,0.09,0.22,0.13,0.22,Matches,2002/2003,23.122222222222227,,,,,,,,
Dennis Bergkamp,nl NED,FW,33.0,29,23,1807.0,4.0,10.0,0.0,0.0,3.0,0.0,0.2,0.5,0.7,0.2,0.7,Matches,2002/2003,20.077777777777783,,,,,,,,
Martin Keown,eng ENG,"DF,MF",36.0,24,22,1954.0,0.0,1.0,0.0,0.0,6.0,0.0,0.0,0.05,0.05,0.0,0.05,Matches,2002/2003,21.711111111111112,,,,,,,,
Robert Pirès,fr FRA,"FW,MF",28.0,26,21,1797.0,14.0,5.0,1.0,1.0,0.0,0.0,0.7,0.25,0.95,0.65,0.9,Matches,2002/2003,19.966666666666665,,,,,,,,
Freddie Ljungberg,se SWE,"FW,MF",25.0,20,19,1605.0,6.0,2.0,0.0,0.0,0.0,0.0,0.34,0.11,0.45,0.34,0.45,Matches,2002/2003,17.833333333333332,,,,,,,,
Pascal Cygan,fr FRA,DF,28.0,18,16,1429.0,1.0,0.0,0.0,0.0,3.0,0.0,0.06,0.0,0.06,0.06,0.06,Matches,2002/2003,15.877777777777776,,,,,,,,
Ray Parlour,eng ENG,MF,29.0,19,14,1274.0,0.0,2.0,0.0,0.0,4.0,0.0,0.0,0.14,0.14,0.0,0.14,Matches,2002/2003,14.155555555555555,,,,,,,,
Edu Gaspar,br BRA,MF,24.0,18,12,1002.0,3.0,1.0,0.0,0.0,4.0,0.0,0.27,0.09,0.36,0.27,0.36,Matches,2002/2003,11.133333333333333,,,,,,,,
Oleh Luzhny,ua UKR,DF,33.0,17,11,1064.0,0.0,0.0,0.0,0.0,3.0,0.0,0.0,0.0,0.0,0.0,0.0,Matches,2002/2003,11.822222222222226,,,,,,,,
Denílson,br BRA,MF,20.0,37,36,3144.0,3.0,5.0,0.0,0.0,3.0,0.0,0.09,0.14,0.23,0.09,0.23,Matches,2008/2009,34.93333333333333,,,,,,,,
Bacary Sagna,fr FRA,DF,25.0,35,34,2933.0,0.0,1.0,0.0,0.0,4.0,0.0,0.0,0.03,0.03,0.0,0.03,Matches,2008/2009,32.58888888888889,,,,,,,,
Manuel Almunia,es ESP,GK,31.0,32,32,2867.0,0.0,0.0,0.0,0.0,0.0,0.0,0.0,0.0,0.0,0.0,0.0,Matches,2008/2009,31.855555555555554,,,,,,,,
Gaël Clichy,fr FRA,DF,23.0,31,30,2654.0,1.0,0.0,0.0,0.0,7.0,0.0,0.03,0.0,0.03,0.03,0.03,Matches,2008/2009,29.488888888888887,,,,,,,,
Samir Nasri,fr FRA,"FW,MF",21.0,29,28,2397.0,6.0,2.0,0.0,0.0,4.0,0.0,0.23,0.08,0.3,0.23,0.3,Matches,2008/2009,26.63333333333333,,,,,,,,
Kolo Touré,ci CIV,DF,27.0,29,26,2280.0,1.0,1.0,0.0,0.0,3.0,0.0,0.04,0.04,0.08,0.04,0.08,Matches,2008/2009,25.33333333333333,,,,,,,,
Robin van Persie,nl NED,FW,24.0,28,24,2198.0,11.0,10.0,2.0,2.0,5.0,1.0,0.45,0.41,0.86,0.37,0.78,Matches,2008/2009,24.422222222222217,,,,,,,,
William Gallas,fr FRA,DF,30.0,23,23,2070.0,2.0,0.0,0.0,0.0,3.0,0.0,0.09,0.0,0.09,0.09,0.09,Matches,2008/2009,23.0,,,,,,,,
Alex Song,cm CMR,"DF,MF",20.0,31,23,2064.0,1.0,1.0,0.0,0.0,6.0,0.0,0.04,0.04,0.09,0.04,0.09,Matches,2008/2009,22.93333333333333,,,,,,,,
Cesc Fàbregas,es ESP,"FW,MF",21.0,22,22,1900.0,3.0,8.0,0.0,0.0,7.0,0.0,0.14,0.38,0.52,0.14,0.52,Matches,2008/2009,21.11111111111111,,,,,,,,
Emmanuel Adebayor,tg TOG,FW,24.0,26,21,1876.0,10.0,4.0,1.0,1.0,4.0,1.0,0.48,0.19,0.67,0.43,0.62,Matches,2008/2009,20.844444444444445,,,,,,,,
Nicklas Bendtner,dk DEN,FW,20.0,31,17,1764.0,9.0,2.0,1.0,1.0,1.0,0.0,0.46,0.1,0.56,0.41,0.51,Matches,2008/2009,19.6,,,,,,,,
Emmanuel Eboué,ci CIV,"DF,MF",25.0,28,17,1487.0,3.0,3.0,1.0,1.0,1.0,1.0,0.18,0.18,0.36,0.12,0.3,Matches,2008/2009,16.522222222222222,,,,,,,,
Abou Diaby,fr FRA,MF,22.0,24,16,1465.0,3.0,2.0,0.0,0.0,5.0,0.0,0.18,0.12,0.31,0.18,0.31,Matches,2008/2009,16.27777777777778,,,,,,,,
Theo Walcott,eng ENG,"FW,MF",19.0,22,16,1265.0,2.0,2.0,0.0,0.0,0.0,0.0,0.14,0.14,0.28,0.14,0.28,Matches,2008/2009,14.055555555555555,,,,,,,,
Johan Djourou,ch SUI,DF,21.0,15,13,1204.0,0.0,0.0,0.0,0.0,1.0,0.0,0.0,0.0,0.0,0.0,0.0,Matches,2008/2009,13.377777777777776,,,,,,,,
Mikaël Silvestre,fr FRA,DF,30.0,14,12,1092.0,2.0,1.0,0.0,0.0,0.0,0.0,0.16,0.08,0.25,0.16,0.25,Matches,2008/2009,12.133333333333333,,,,,,,,
Jens Lehmann,de GER,GK,33.0,38,38,3420.0,0.0,0.0,0.0,0.0,2.0,0.0,0.0,0.0,0.0,0.0,0.0,Matches,2003/2004,38.0,,,,,,,,
Thierry Henry,fr FRA,FW,25.0,37,37,3330.0,30.0,9.0,7.0,7.0,3.0,0.0,0.81,0.24,1.05,0.62,0.86,Matches,2003/2004,37.0,,,,,,,,
Kolo Touré,ci CIV,DF,22.0,37,36,3184.0,1.0,1.0,0.0,0.0,4.0,0.0,0.03,0.03,0.06,0.03,0.06,Matches,2003/2004,35.37777777777778,,,,,,,,
Sol Campbell,eng ENG,"DF,FW",28.0,35,35,3085.0,1.0,0.0,0.0,0.0,2.0,1.0,0.03,0.0,0.03,0.03,0.03,Matches,2003/2004,34.27777777777778,,,,,,,,
Robert Pirès,fr FRA,"FW,MF",29.0,36,33,2845.0,14.0,10.0,0.0,0.0,0.0,0.0,0.44,0.32,0.76,0.44,0.76,Matches,2003/2004,31.61111111111111,,,,,,,,
Ashley Cole,eng ENG,DF,22.0,32,32,2825.0,0.0,3.0,0.0,0.0,5.0,1.0,0.0,0.1,0.1,0.0,0.1,Matches,2003/2004,31.38888888888889,,,,,,,,
Lauren,cm CMR,DF,26.0,32,30,2744.0,0.0,0.0,0.0,0.0,6.0,0.0,0.0,0.0,0.0,0.0,0.0,Matches,2003/2004,30.488888888888887,,,,,,,,
Gilberto Silva,br BRA,"DF,MF",26.0,32,29,2546.0,4.0,3.0,0.0,0.0,2.0,0.0,0.14,0.11,0.25,0.14,0.25,Matches,2003/2004,28.288888888888888,,,,,,,,
Patrick Vieira,fr FRA,MF,27.0,29,29,2536.0,3.0,5.0,0.0,0.0,10.0,1.0,0.11,0.18,0.28,0.11,0.28,Matches,2003/2004,28.177777777777774,,,,,,,,
Freddie Ljungberg,se SWE,"FW,MF",26.0,30,28,2232.0,4.0,7.0,0.0,0.0,2.0,0.0,0.16,0.28,0.44,0.16,0.44,Matches,2003/2004,24.8,,,,,,,,
Dennis Bergkamp,nl NED,FW,34.0,28,21,1766.0,4.0,9.0,0.0,0.0,2.0,0.0,0.2,0.46,0.66,0.2,0.66,Matches,2003/2004,19.622222222222227,,,,,,,,
Ray Parlour,eng ENG,MF,30.0,25,16,1514.0,0.0,0.0,0.0,0.0,8.0,0.0,0.0,0.0,0.0,0.0,0.0,Matches,2003/2004,16.822222222222226,,,,,,,,
Edu Gaspar,br BRA,MF,25.0,30,13,1483.0,2.0,2.0,0.0,0.0,3.0,0.0,0.12,0.12,0.24,0.12,0.24,Matches,2003/2004,16.477777777777778,,,,,,,,
Patrick Vieira,fr FRA,MF,25.0,36,36,3081.0,2.0,4.0,0.0,1.0,11.0,1.0,0.06,0.12,0.18,0.06,0.18,Matches,2001/2002,34.23333333333333,,,,,,,,
Thierry Henry,fr FRA,FW,23.0,33,31,2939.0,24.0,5.0,4.0,4.0,4.0,0.0,0.73,0.15,0.89,0.61,0.77,Matches,2001/2002,32.65555555555556,,,,,,,,
Sol Campbell,eng ENG,"DF,FW",26.0,31,30,2624.0,2.0,0.0,0.0,0.0,2.0,0.0,0.07,0.0,0.07,0.07,0.07,Matches,2001/2002,29.155555555555555,,,,,,,,
Ashley Cole,eng ENG,DF,20.0,29,29,2485.0,2.0,4.0,0.0,0.0,6.0,0.0,0.07,0.14,0.22,0.07,0.22,Matches,2001/2002,27.61111111111111,,,,,,,,
Lauren,cm CMR,DF,24.0,27,27,2430.0,2.0,2.0,1.0,1.0,8.0,0.0,0.07,0.07,0.15,0.04,0.11,Matches,2001/2002,27.0,,,,,,,,
Robert Pirès,fr FRA,"FW,MF",27.0,28,27,2344.0,9.0,15.0,1.0,1.0,6.0,0.0,0.35,0.58,0.92,0.31,0.88,Matches,2001/2002,26.044444444444448,,,,,,,,
Ray Parlour,eng ENG,MF,28.0,27,25,2038.0,0.0,1.0,0.0,0.0,7.0,2.0,0.0,0.04,0.04,0.0,0.04,Matches,2001/2002,22.644444444444453,,,,,,,,
Freddie Ljungberg,se SWE,"FW,MF",24.0,25,24,1904.0,12.0,3.0,0.0,0.0,4.0,0.0,0.57,0.14,0.71,0.57,0.71,Matches,2001/2002,21.155555555555555,,,,,,,,
Sylvain Wiltord,fr FRA,"FW,MF",27.0,32,22,2425.0,10.0,5.0,0.0,0.0,0.0,0.0,0.37,0.19,0.56,0.37,0.56,Matches,2001/2002,26.944444444444446,,,,,,,,
Dennis Bergkamp,nl NED,FW,32.0,33,22,1948.0,9.0,11.0,0.0,0.0,2.0,0.0,0.42,0.51,0.92,0.42,0.92,Matches,2001/2002,21.644444444444453,,,,,,,,
Martin Keown,eng ENG,"DF,MF",35.0,22,21,1878.0,0.0,0.0,0.0,0.0,5.0,1.0,0.0,0.0,0.0,0.0,0.0,Matches,2001/2002,20.866666666666667,,,,,,,,
David Seaman,eng ENG,GK,37.0,17,17,1530.0,0.0,0.0,0.0,0.0,0.0,0.0,0.0,0.0,0.0,0.0,0.0,Matches,2001/2002,17.0,,,,,,,,
Oleh Luzhny,ua UKR,DF,32.0,18,15,1352.0,0.0,1.0,0.0,0.0,4.0,1.0,0.0,0.07,0.07,0.0,0.07,Matches,2001/2002,15.022222222222224,,,,,,,,
Giovanni van Bronckhorst,nl NED,"DF,MF",26.0,21,13,1289.0,1.0,1.0,0.0,0.0,5.0,1.0,0.07,0.07,0.14,0.07,0.14,Matches,2001/2002,14.322222222222226,,,,,,,,
Richard Wright,eng ENG,GK,23.0,12,12,1073.0,0.0,0.0,0.0,0.0,0.0,0.0,0.0,0.0,0.0,0.0,0.0,Matches,2001/2002,11.922222222222222,,,,,,,,
Gilles Grimandi,fr FRA,DF,30.0,26,11,1174.0,0.0,0.0,0.0,0.0,2.0,0.0,0.0,0.0,0.0,0.0,0.0,Matches,2001/2002,13.044444444444444,,,,,,,,
Jens Lehmann,de GER,GK,35.0,38,38,3420.0,0.0,0.0,0.0,0.0,1.0,0.0,0.0,0.0,0.0,0.0,0.0,Matches,2005/2006,38.0,,,,,,,,
Kolo Touré,ci CIV,DF,24.0,33,33,2970.0,0.0,0.0,0.0,0.0,3.0,0.0,0.0,0.0,0.0,0.0,0.0,Matches,2005/2006,33.0,,,,,,,,
Gilberto Silva,br BRA,"DF,MF",28.0,33,33,2871.0,2.0,1.0,0.0,0.0,5.0,1.0,0.06,0.03,0.09,0.06,0.09,Matches,2005/2006,31.9,,,,,,,,
Thierry Henry,fr FRA,FW,27.0,32,30,2672.0,27.0,6.0,3.0,3.0,2.0,0.0,0.91,0.2,1.11,0.81,1.01,Matches,2005/2006,29.68888888888889,,,,,,,,
Cesc Fàbregas,es ESP,"FW,MF",18.0,35,30,2652.0,3.0,5.0,0.0,0.0,5.0,1.0,0.1,0.17,0.27,0.1,0.27,Matches,2005/2006,29.466666666666665,,,,,,,,
Robert Pirès,fr FRA,"FW,MF",31.0,33,23,2166.0,7.0,3.0,1.0,3.0,2.0,0.0,0.29,0.12,0.42,0.25,0.37,Matches,2005/2006,24.066666666666666,,,,,,,,
Lauren,cm CMR,DF,28.0,22,22,1963.0,0.0,1.0,0.0,1.0,6.0,0.0,0.0,0.05,0.05,0.0,0.05,Matches,2005/2006,21.81111111111111,,,,,,,,
José Antonio Reyes,es ESP,MF,21.0,26,22,1793.0,5.0,10.0,0.0,0.0,5.0,0.0,0.25,0.5,0.75,0.25,0.75,Matches,2005/2006,19.922222222222217,,,,,,,,
Freddie Ljungberg,se SWE,"FW,MF",28.0,25,21,1732.0,1.0,4.0,0.0,0.0,2.0,0.0,0.05,0.21,0.26,0.05,0.26,Matches,2005/2006,19.244444444444444,,,,,,,,
Sol Campbell,eng ENG,"DF,FW",30.0,20,20,1754.0,2.0,2.0,0.0,0.0,1.0,0.0,0.1,0.1,0.21,0.1,0.21,Matches,2005/2006,19.488888888888887,,,,,,,,
Mathieu Flamini,fr FRA,MF,21.0,31,19,1828.0,0.0,3.0,0.0,0.0,4.0,0.0,0.0,0.15,0.15,0.0,0.15,Matches,2005/2006,20.31111111111111,,,,,,,,
Philippe Senderos,ch SUI,DF,20.0,20,19,1675.0,2.0,0.0,0.0,0.0,2.0,0.0,0.11,0.0,0.11,0.11,0.11,Matches,2005/2006,18.61111111111111,,,,,,,,
Alexander Hleb,by BLR,MF,24.0,25,17,1480.0,3.0,0.0,0.0,0.0,0.0,0.0,0.18,0.0,0.18,0.18,0.18,Matches,2005/2006,16.444444444444443,,,,,,,,
Robin van Persie,nl NED,FW,21.0,24,13,1213.0,5.0,1.0,0.0,0.0,2.0,0.0,0.37,0.07,0.45,0.37,0.45,Matches,2005/2006,13.477777777777776,,,,,,,,
Emmanuel Adebayor,tg TOG,FW,21.0,13,12,1005.0,4.0,4.0,0.0,0.0,0.0,0.0,0.36,0.36,0.72,0.36,0.72,Matches,2005/2006,11.166666666666664,,,,,,,,
Emmanuel Eboué,ci CIV,"DF,MF",22.0,18,11,1124.0,0.0,2.0,0.0,0.0,0.0,0.0,0.0,0.16,0.16,0.0,0.16,Matches,2005/2006,12.488888888888885,,,,,,,,
Dennis Bergkamp,nl NED,FW,36.0,24,8,1008.0,2.0,3.0,0.0,0.0,2.0,0.0,0.18,0.27,0.45,0.18,0.45,Matches,2005/2006,11.2,,,,,,,,
